{
    "loss": 3.257427930831909,
    "accuracy": 0.8275862336158752
}