{
    "loss": 1.259217619895935,
    "accuracy": 0.9396551847457886
}